{
    "CAD_BTC": 0.00001602,
    "BTC_CAD": 62415.46,
    "CAD_ETH": 0.000197670100287838,
    "ETH_CAD": 5058.93,
    "USD_BTC": 0.00002056,
    "BTC_USD": 48637.26,
    "USD_ETH": 0.000253667074647878,
    "ETH_USD": 3942.17,
    "BTC_ETH": 12.338062924120914,
    "ETH_BTC": 0.08105,
    "CAD_USD": 0.77,
    "USD_CAD": 1.28
  }